{
    "biased_b1": 3.5848433666004134,
    "biased_sig8": 0.2841910842261584,
    "fid_b1": 3.470098799999998,
    "fid_sig8": 0.283095,
    "iFisher": [
        [
            9.42850995219307e-08,
            -1.079312325645356e-06
        ],
        [
            -1.079312325645356e-06,
            1.7173702201986702e-05
        ]
    ],
    "intfrac": 0.06,
    "peakz": 2.65
}