{
    "biased_b1": -1.0842232176295203,
    "biased_sig8": 0.27775458238264983,
    "fid_b1": 1.6458397500000004,
    "fid_sig8": 0.283095,
    "iFisher": [
        [
            9.476622329020243e-08,
            -5.189884515635968e-07
        ],
        [
            -5.189884515635968e-07,
            3.935493716427033e-06
        ]
    ],
    "peakz": 2.65
}