{
    "biased_b1": 3.460975409854233,
    "biased_sig8": 0.19846206458987914,
    "fid_b1": 4.155368310000001,
    "fid_sig8": 0.19809699999999997,
    "iFisher": [
        [
            4.138923013602846e-08,
            -8.342616403343687e-07
        ],
        [
            -8.342616403343687e-07,
            2.0633806627819962e-05
        ]
    ],
    "peakz": 4.19
}