{
    "biased_b1": 3.5848433724444835,
    "biased_sig8": 0.2841910842537566,
    "fid_b1": 3.470098799999998,
    "fid_sig8": 0.283095,
    "iFisher": [
        [
            9.428509952191109e-08,
            -1.079312325644784e-06
        ],
        [
            -1.079312325644784e-06,
            1.717370220197465e-05
        ]
    ],
    "peakz": 2.65
}