{
    "biased_b1": 4.34437525369731,
    "biased_sig8": 0.19838616677143872,
    "fid_b1": 3.588873599999999,
    "fid_sig8": 0.19776,
    "iFisher": [
        [
            4.2228520197288095e-08,
            -7.500301240848684e-07
        ],
        [
            -7.500301240848685e-07,
            1.6214792371965002e-05
        ]
    ],
    "peakz": 4.2
}