{"u-g": -0.064794938820259773, "g-r": -0.31426971494844125, "r-i": -0.27820863062740386, "i-z": -0.2223756564789916}