{"u-g": 2.3146125756768399, "g-r": 0.83373239005693733, "r-i": 0.33510655136688072, "i-z": 0.15273318991368612}