{"u-g": 0.74437112163588637, "g-r": -0.19835316697575323, "r-i": -0.20611578806905939, "i-z": -0.1282185123104469}