{"u-g": 1.1396971246040835, "g-r": 0.34420642276895563, "r-i": 0.13623510080864776, "i-z": 0.024538807270293006}