{"u-g": 0.85875439852393498, "g-r": -0.087627087077681409, "r-i": -0.11413024272922101, "i-z": -0.085288973761997511}