{"u-g": 3.2182801491295017, "g-r": 1.2009756825350024, "r-i": 0.55397566646562524, "i-z": 0.27369117993404402}