{"u-g": -0.3137919232586448, "g-r": -0.44079365213040589, "r-i": -0.29469865079485302, "i-z": -0.24327287936845465}