{"u-g": 1.5443281393273196, "g-r": 0.56095180792720711, "r-i": 0.21126237476574516, "i-z": 0.060016728757343429}