{"u-g": 2.2565036501036104, "g-r": 0.75231479351035091, "r-i": 0.30876243008850324, "i-z": 0.13157036324467342}