{"u-g": 2.6098631402639292, "g-r": 1.3002605429822118, "r-i": 1.0339923330536358, "i-z": 0.52987973731784876}