{"u-g": 1.5443103963127207, "g-r": 0.51827745073310894, "r-i": 0.090175107216584394, "i-z": -0.015494408925928127}