{"u-g": 1.0823884686356244, "g-r": 1.1776397659213522, "r-i": 2.2688593164508504, "i-z": 1.6171273468253879}