{"u-g": 1.4960017983838192, "g-r": 0.51596729243864559, "r-i": 0.18504956052907673, "i-z": 0.056242964238656157}