{"u-g": 1.0622664259334123, "g-r": 0.1215682496531052, "r-i": -0.040755527672370562, "i-z": -0.039897040255240768}