{"u-g": -0.48110521022863395, "g-r": -0.55078763172195266, "r-i": -0.38795119209443385, "i-z": -0.28617348028062395}