{"u-g": 1.0990066094028563, "g-r": 0.34501171435651301, "r-i": 0.12399222248819441, "i-z": 0.030188456641084827}