{"u-g": 0.94811661431833727, "g-r": 0.94639153717796987, "r-i": 2.4458526920580468, "i-z": 1.7936911536565887}