{"u-g": 2.8355945512073788, "g-r": 1.0791852285182912, "r-i": 0.41952379615608493, "i-z": 0.24699850786201338}