{"u-g": 0.99907022376838484, "g-r": 0.29988225043926775, "r-i": 0.091552074302278186, "i-z": -0.019369961999398555}