{"u-g": 0.84744911690297187, "g-r": 0.24011889340944848, "r-i": 0.041339166118770976, "i-z": -0.026346051724019048}