{"u-g": 3.0184798244784297, "g-r": 1.1474796748637992, "r-i": 0.72666937591684544, "i-z": 0.36466083274361694}