{"u-g": 0.89976101465495617, "g-r": -0.063854080492941279, "r-i": -0.11416869901484361, "i-z": -0.084184104748270983}