{"u-g": 3.3377370486913627, "g-r": 1.3357813105707912, "r-i": 1.1010675455781787, "i-z": 0.51241035422039971}