{"u-g": 1.7937455683587977, "g-r": 0.60403515180406586, "r-i": 0.12986164604873807, "i-z": -0.01061963986564507}