{"u-g": 0.17044921298331062, "g-r": -0.23362495751554491, "r-i": -0.1762609440158549, "i-z": -0.092068178272327827}