{"u-g": 1.7520722080331375, "g-r": 0.6238115490700693, "r-i": 0.21523857105183453, "i-z": 0.077340970516942775}