{"u-g": 3.1821055546230177, "g-r": 1.2218752364267047, "r-i": 0.453475505141963, "i-z": 0.1273349661644616}