{"u-g": 1.0344567189900111, "g-r": 0.3030067973491839, "r-i": 0.09251712221344377, "i-z": -0.00078210750242035942}