{"u-g": -0.25397127482747095, "g-r": -0.46646283639887898, "r-i": -0.32546604657723321, "i-z": -0.21424069624240971}