{"u-g": 1.1768459376789835, "g-r": 0.42319467622196072, "r-i": 0.12173416922842506, "i-z": 0.036316345194553179}