{"u-g": 1.7804885007793061, "g-r": 0.67063811047575683, "r-i": 0.24660770265962384, "i-z": 0.10564379888095488}