{"u-g": 0.43957459908745378, "g-r": -0.29206021331237153, "r-i": -0.24159825121137146, "i-z": -0.13232682420516895}