{"u-g": 2.4627943114201329, "g-r": 1.1924064358689144, "r-i": 0.5441076374165128, "i-z": 0.25437991154278095}