{"u-g": 0.026652642662785553, "g-r": -0.42781350123024708, "r-i": -0.26076365596982143, "i-z": -0.19832794263193776}