{"u-g": 2.0617454002970383, "g-r": 0.67904025698607029, "r-i": 0.26703863638451963, "i-z": 0.10069063464752404}