{"u-g": 2.191470234361482, "g-r": 1.0607995850866772, "r-i": 1.9536267111489884, "i-z": 0.98499856897504401}