{"u-g": 2.4550292923793258, "g-r": 1.2701457276661934, "r-i": 0.86752910432557329, "i-z": 0.42503440126833425}