{"u-g": 1.7267346152079845, "g-r": 0.59781292129551744, "r-i": 0.18337196377553511, "i-z": 0.076110164478013331}