{"u-g": 0.72328397958942858, "g-r": -0.25511381494368024, "r-i": -0.20680243782743446, "i-z": -0.1276521897872982}