{"u-g": 1.1255149797911805, "g-r": 0.35317978071386946, "r-i": 0.14543996077385657, "i-z": -0.0091548232711637922}