{"u-g": 3.3456237587540052, "g-r": 1.4063576054721096, "r-i": 1.0379381164702117, "i-z": 0.47424805163267081}