{"u-g": 0.26586756122618027, "g-r": -0.34752680365580702, "r-i": -0.23338905033760327, "i-z": -0.17895397145350245}