{"u-g": -0.19569826784436017, "g-r": -0.48652932794827564, "r-i": -0.33153521442224587, "i-z": -0.21948302881567372}