{"u-g": 1.9136606093534461, "g-r": 0.69352389528954106, "r-i": 0.24126114652832698, "i-z": 0.1285734705826016}