{"u-g": 1.5020495309963025, "g-r": 0.49574178841389482, "r-i": 0.16429439835193094, "i-z": 0.043747932456167149}