{"u-g": 2.4689878001641539, "g-r": 0.90209111046341661, "r-i": 0.34177318872107421, "i-z": 0.15867818152861091}