{"u-g": 3.2434239897939889, "g-r": 1.300303194416724, "r-i": 0.58740407935890104, "i-z": 0.3284116326171258}