{"u-g": 2.8060824282670431, "g-r": 1.0458424189541837, "r-i": 0.41182156747364473, "i-z": 0.22510589186620322}