{"u-g": 2.4305970555443253, "g-r": 1.0609606281567743, "r-i": 0.40697508597645893, "i-z": 0.16545025156966275}