{"u-g": 1.0572481043719897, "g-r": 0.32743753573992862, "r-i": 0.090203889599905551, "i-z": 0.035401682750528352}