{"u-g": 0.75093606664810153, "g-r": -0.22581465421158242, "r-i": -0.18868225352864343, "i-z": -0.14233865817458025}