{"u-g": 1.3911611649298266, "g-r": 0.46261547535073078, "r-i": 0.1396102964319148, "i-z": 0.043634497766813496}