{"u-g": 3.0832412384813708, "g-r": 1.1204460676588042, "r-i": 0.3815969899601015, "i-z": 0.1276962445506058}