{"u-g": -0.41301828874894753, "g-r": -0.55258786383451408, "r-i": -0.36362978046265582, "i-z": -0.29865156116155944}