{"u-g": 1.2121703222717528, "g-r": 0.37574142660415077, "r-i": 0.15960289768568714, "i-z": 0.037781248355866381}