{"u-g": 0.90320089814243687, "g-r": -0.016183337653885133, "r-i": -0.085808125119157808, "i-z": -0.069559867565629929}