{"u-g": 0.90697320905230328, "g-r": 0.1350445898310717, "r-i": -0.0031946731008183349, "i-z": -0.054284868261760266}