{"u-g": 1.7524704758185869, "g-r": 0.60656274393097576, "r-i": 0.21338141090256357, "i-z": 0.074595585188419022}