{"u-g": 3.1212671697578394, "g-r": 1.074646686017207, "r-i": 0.41680099100902268, "i-z": 0.20947552241349143}