{"u-g": 1.2298999912266133, "g-r": 0.40851375254491273, "r-i": 0.15128847005847845, "i-z": 0.037471410124783944}