{"u-g": 2.8964916728182715, "g-r": 1.4123902600667897, "r-i": 1.749172418213135, "i-z": 0.78846376946827945}