{"u-g": -0.2388877907673681, "g-r": -0.36193735451367814, "r-i": -0.27172163901240509, "i-z": -0.2802506516037333}