{"u-g": 2.1365488881760868, "g-r": 0.90142197380210476, "r-i": 0.3707070445204721, "i-z": 0.1455851533060688}