{"u-g": 0.96020506658300064, "g-r": 0.045093650201458502, "r-i": -0.052018603759066195, "i-z": -0.005241060646717699}