{"u-g": 0.85165764285771317, "g-r": -0.1579771775281813, "r-i": -0.14937361442303398, "i-z": -0.11032114260519776}