{"u-g": 0.015757831825023771, "g-r": -0.26066597128224345, "r-i": -0.19114029415093015, "i-z": -0.14245653757496868}