{"u-g": 2.7982752101052206, "g-r": 0.97072023515556083, "r-i": 0.35274826723495067, "i-z": 0.17713298067376471}