{"u-g": 2.5639413714354049, "g-r": 0.90737270981701101, "r-i": 0.34336023170292762, "i-z": 0.15476262021230625}