{"u-g": -0.36192744677687116, "g-r": -0.52153245128121384, "r-i": -0.35683198522742643, "i-z": -0.26479624702000848}