{"u-g": 1.349561362964895, "g-r": 0.43729831287225096, "r-i": 0.15898557307283667, "i-z": 0.048761765106860366}