{"u-g": 0.95417997636176466, "g-r": 0.20943002402741229, "r-i": 0.0026125891326209683, "i-z": -0.024015543614837043}