{"u-g": 1.7296434116561912, "g-r": 0.61962391997844435, "r-i": 0.18974076402371054, "i-z": 0.051160546438936194}