{"u-g": 1.0402142670263501, "g-r": 0.06192391168539757, "r-i": -0.00903543529603823, "i-z": -0.018705320401544157}