{"u-g": 0.93214955906773511, "g-r": -0.061017582647156843, "r-i": -0.098520810400337666, "i-z": -0.092404732858458516}