{"u-g": 0.80532819360938745, "g-r": -0.13357958689959659, "r-i": -0.15376477704543845, "i-z": -0.11669678077802104}