{"u-g": 2.4997901686697688, "g-r": 1.2901051034462299, "r-i": 1.2180069965948981, "i-z": 0.55861015266525627}