{"u-g": 0.54397207081176902, "g-r": -0.24643763631089399, "r-i": -0.23489803415152011, "i-z": -0.13674351938196949}