{"u-g": 2.9755865468212122, "g-r": 1.1358069250751299, "r-i": 1.0021383015483352, "i-z": 0.4873331248586048}