{"u-g": 1.2347269490358777, "g-r": 0.35685137701032232, "r-i": 0.10960756714029785, "i-z": 0.018184405054086028}