{"u-g": 2.5339827605611802, "g-r": 1.1809505266760461, "r-i": 0.63981466249135366, "i-z": 0.3177803907706469}