{"u-g": 2.4751557293200932, "g-r": 1.0343711345825604, "r-i": 1.6204410400707872, "i-z": 0.77678820859032527}