{"u-g": 3.0393665782285595, "g-r": 1.1397001505066839, "r-i": 0.64175347243371661, "i-z": 0.32504850486850501}