{"u-g": 2.0655237941139113, "g-r": 0.73014388368747518, "r-i": 0.26061559898922937, "i-z": 0.12031667154747439}