{"u-g": 2.8765583026673056, "g-r": 1.5415374948097842, "r-i": 2.1261958247419166, "i-z": 1.0310268697550065}