{"u-g": 0.99735220544883063, "g-r": 0.22428120989339106, "r-i": 0.040339127079938919, "i-z": -0.019189081872482916}