{"u-g": -0.23610962669295432, "g-r": -0.43272547655484317, "r-i": -0.33694172821009261, "i-z": -0.20292559684278189}