{"u-g": 0.94643915627418806, "g-r": -0.00080136417189891063, "r-i": -0.094195773530156401, "i-z": -0.058319284319082954}