{"u-g": 1.9866116713532165, "g-r": 0.77440767356931062, "r-i": 0.30858791320083512, "i-z": 0.11527034927855695}