{"u-g": 2.3106662600146564, "g-r": 0.86298584720092109, "r-i": 0.3598487090061866, "i-z": 0.1583318842180681}