{"u-g": 0.79143349812571984, "g-r": -0.19932108719949326, "r-i": -0.17373691091738053, "i-z": -0.1185683363433796}