{"u-g": 1.3324350292312133, "g-r": 0.44059112336903539, "r-i": 0.14426341658974096, "i-z": 0.050114420316027974}