{"u-g": 2.838236615760195, "g-r": 1.0970126268028508, "r-i": 1.2814363663810546, "i-z": 0.61118243643305448}