{"u-g": 0.94072942207793275, "g-r": 0.20071490219915944, "r-i": 0.043488250714439403, "i-z": -0.030349612600435449}