{"u-g": 2.994403985214241, "g-r": 1.0851099714184542, "r-i": 0.41895623959618078, "i-z": 0.2399315213711759}