{"u-g": 0.071525858296837441, "g-r": -0.31893924928727202, "r-i": -0.28954865397510332, "i-z": -0.21064941697864015}