{"u-g": 0.46842310211294702, "g-r": -0.1925589829265526, "r-i": -0.16535793245911634, "i-z": -0.06838300976580669}