{"u-g": 2.6129163518293268, "g-r": 0.91302697805737409, "r-i": 0.29485624965822055, "i-z": 0.13194683285325226}