{"u-g": 2.1362306661810742, "g-r": 0.72325672422717702, "r-i": 0.25974486365831595, "i-z": 0.12120030669067461}