{"u-g": 1.6946207842146954, "g-r": 0.57267828838112322, "r-i": 0.2161464256807335, "i-z": 0.076084394303347125}