{"u-g": 1.1337285930888861, "g-r": 1.3595158796772395, "r-i": 2.3688707258247703, "i-z": 1.6487193091579506}