{"u-g": 1.0018672854029624, "g-r": -0.0095632335896524978, "r-i": -0.035719043917737281, "i-z": -0.013143679168276634}