{"u-g": 1.3783697220578404, "g-r": 0.41137637659700133, "r-i": 0.14276257633857625, "i-z": 0.038880870277640867}