{"u-g": 3.0497331919970776, "g-r": 1.1758061621405815, "r-i": 0.80585763811413358, "i-z": 0.39434339165902799}