{"u-g": 1.942000095606744, "g-r": 0.75949387217725217, "r-i": 0.26847972369447604, "i-z": 0.14532049182848894}