{"u-g": 1.4071982883218048, "g-r": 0.33322519971498821, "r-i": 0.021095265212785819, "i-z": -0.021256526563444567}