{"u-g": 0.0067928560014465234, "g-r": -0.40819979067507717, "r-i": -0.26633975243465358, "i-z": -0.20618375801444344}