{"u-g": 1.7921376872024268, "g-r": 0.61807885180586553, "r-i": 0.24592192878402841, "i-z": 0.10182727252340484}