{"u-g": 0.91278626344752922, "g-r": 0.094776904008490703, "r-i": -0.013587268083501414, "i-z": -0.077032408775352224}