{"u-g": 0.58288209864247165, "g-r": -0.28726255546865431, "r-i": -0.2374199218691686, "i-z": -0.14244556043473366}