{"u-g": 0.86750559686067774, "g-r": -0.10246424079716476, "r-i": -0.1771336391783862, "i-z": -0.12152348187235873}