{"u-g": 1.8953083154187063, "g-r": 0.66561578657164233, "r-i": 0.23748735167184165, "i-z": 0.10091833302078257}