{"u-g": 0.21689067374704152, "g-r": -0.37301331371332935, "r-i": -0.23650333175859473, "i-z": -0.19843699828858519}