{"u-g": 0.91006529937756042, "g-r": 0.1718461904985098, "r-i": 0.025547392060676799, "i-z": -0.0074670428663985433}