{"u-g": 1.1250831339620788, "g-r": 0.30435003659534487, "r-i": 0.091943121947124951, "i-z": -0.00020111709002179623}