{"u-g": 2.4842686670687257, "g-r": 0.89416359923157884, "r-i": 0.24784932611166965, "i-z": 0.032393380941403649}