{"u-g": 0.92259599888539867, "g-r": 0.23327161475089753, "r-i": 0.031272842124046463, "i-z": -0.0082673201467997615}