{"u-g": 3.0821096868689679, "g-r": 1.1306788926840774, "r-i": 0.55466128089656053, "i-z": 0.28299366180069185}