{"u-g": -0.43335958574822442, "g-r": -0.51508610924463838, "r-i": -0.39123166652850472, "i-z": -0.30099360182093804}