{"u-g": 2.9210422064566544, "g-r": 1.3200598588107901, "r-i": 1.5144508695756045, "i-z": 0.61933573170669831}