{"u-g": 1.5097200317826704, "g-r": 0.58841427920970801, "r-i": 0.20293396759549864, "i-z": 0.08867739142330322}