{"u-g": 2.5723816900432368, "g-r": 1.1748364057834557, "r-i": 0.79205023042177558, "i-z": 0.37883892322541612}