{"u-g": 2.4203588110430445, "g-r": 0.80877529782895863, "r-i": 0.29265850576179986, "i-z": 0.14298777548074781}