{"u-g": -0.17912603744334277, "g-r": -0.40513186785613087, "r-i": -0.30772015415525189, "i-z": -0.2135666283079054}