{"u-g": 0.9685871608063934, "g-r": 0.25937529391228864, "r-i": 0.074978586726746954, "i-z": -0.0012496055051194332}