{"u-g": 0.38520214044546108, "g-r": -0.3108309663689468, "r-i": -0.25848162949668563, "i-z": -0.1324467563514915}