{"u-g": 2.2052326189910438, "g-r": 0.75840721314277815, "r-i": 0.28917567788446163, "i-z": 0.1347269582114059}