{"u-g": 1.5548169558557419, "g-r": 1.167765859607595, "r-i": 2.3024724463067585, "i-z": 1.3152196627615282}