{"u-g": 2.0589109775157439, "g-r": 0.72589698958851656, "r-i": 0.16289209470085098, "i-z": 0.021377995099339131}