{"u-g": 2.5203459826437644, "g-r": 0.88233844598310895, "r-i": 0.32851440694158995, "i-z": 0.15158815739433251}