{"u-g": 0.53412158879262961, "g-r": -0.09399005059961496, "r-i": -0.15136044966946471, "i-z": -0.094705708440979919}