{"u-g": 1.8589206344477027, "g-r": 0.69880425063065132, "r-i": 0.23506095366387925, "i-z": 0.096565535457191487}