{"u-g": 2.0807599046175795, "g-r": 0.27445503915465963, "r-i": 0.00074806627634416145, "i-z": -0.012285891459129061}