{"u-g": 0.34113835311615048, "g-r": 2.0754821613895729, "r-i": 0.0080282116284706717, "i-z": 0.0016688509714128941}