{"u-g": 0.035483580810151238, "g-r": 2.1264592938526761, "r-i": 0.24140614962551865, "i-z": -0.00069359214582220829}