{"u-g": 0.064867957982428948, "g-r": 0.032236655310825313, "r-i": 2.2947087897233018, "i-z": 0.064823555759900842}