{"u-g": -0.020886044009230886, "g-r": 0.084693690784092723, "r-i": 1.6936663877547034, "i-z": 0.63674743947700563}