{"u-g": -0.10511339464397906, "g-r": 0.078759228948527493, "r-i": 0.033216193797159121, "i-z": 1.235691164432879}