{"u-g": -0.1104204707462344, "g-r": -0.0459046703340249, "r-i": 0.57068741793841582, "i-z": 1.9019585413693108}