{"u-g": 0.10929913967110849, "g-r": 2.0118142137581145, "r-i": 0.34440918408752452, "i-z": -0.00064985063511358021}