{"u-g": -0.10986828057427545, "g-r": 0.15012411362636158, "r-i": 0.015767687121979179, "i-z": 0.89296595298343107}