{"u-g": 0.0026474584180817828, "g-r": -0.0026963965123343314, "r-i": 0.0052002881817259095, "i-z": -0.0031468257371045638}