{"u-g": -0.11085966984303752, "g-r": 0.40035048451775879, "r-i": 1.9911009399608446, "i-z": 0.0081052089880557787}