{"u-g": 1.5729584175681595, "g-r": 0.79232909408560204, "r-i": 0.00081776440198666478, "i-z": 0.0012174898199219797}