{"u-g": 1.4675408076258094, "g-r": -0.0010533193888591086, "r-i": 0.00017029442773264236, "i-z": -0.0076586035982018075}