{"u-g": 0.049992065307122857, "g-r": -0.03073620002535904, "r-i": 1.2079316252250436, "i-z": 1.2160231763402862}