{"u-g": 2.191201666728773, "g-r": 0.11386053500960713, "r-i": 0.00045177037986832147, "i-z": 0.016812907704618851}