{"u-g": -0.0052879479236054294, "g-r": 0.99576162390978595, "r-i": 1.3831339868438732, "i-z": -0.012148116250529029}