{"u-g": -0.047693179066300218, "g-r": 0.73552282203313268, "r-i": 1.6366185080475475, "i-z": -0.0026425772926472746}