{"u-g": -0.0049385606995571152, "g-r": 0.0036251016605888253, "r-i": -0.0045307187505301272, "i-z": 0.00032480584440008897}