{"u-g": 0.32591993344118464, "g-r": 0.00064289807197326354, "r-i": 0.0010759179940293961, "i-z": -0.0014858107546587007}