{"u-g": -0.14280350706106049, "g-r": 0.040726519258868166, "r-i": 1.8576347286604005, "i-z": 0.49179881738305653}