{"u-g": 1.2720371105659041, "g-r": 1.1466107651409203, "r-i": -0.0018559805535431906, "i-z": 0.0049692376003349636}