{"u-g": 0.064697368546546841, "g-r": -0.0027274065804903103, "r-i": 1.5442521904672617, "i-z": 0.79920754261519278}