{"u-g": 0.57236862011069434, "g-r": 0.00034600257950501145, "r-i": 0.0077040239636971819, "i-z": -0.0016589826062869406}