{"u-g": -0.0019977585858725888, "g-r": -0.00099151736024793991, "r-i": 0.0030989435460071491, "i-z": -0.0028770712256687148}