{"u-g": -0.083227407668346132, "g-r": 0.025037298132531305, "r-i": 2.2201057555285928, "i-z": 0.14653771490900169}