{"u-g": -0.026026530523822089, "g-r": 1.9565898805581696, "r-i": 0.46241984722064444, "i-z": -0.0055260185916523596}