{"u-g": -0.015657386740102197, "g-r": 1.8202724948049251, "r-i": 0.59318686800789067, "i-z": -0.0016767763567315797}