{"u-g": 0.74107793391411292, "g-r": 1.6721795732687355, "r-i": -0.00097787198717469437, "i-z": -0.0040961682576750036}