{"u-g": -0.0071872228424041396, "g-r": 0.007551571213653574, "r-i": -0.0029778106934088555, "i-z": -0.00035065121599586746}