{"u-g": 0.060415346827525696, "g-r": 1.2931331583657908, "r-i": 1.1011008315052919, "i-z": 0.010323654562071738}