{"u-g": 0.19572839709677226, "g-r": -0.074489852599313622, "r-i": 0.91968354292416166, "i-z": 1.531842673541064}