{"u-g": 0.082785668251773359, "g-r": 1.6434733707987874, "r-i": 0.73873032449944276, "i-z": -0.0042004191343210096}