{"u-g": 0.038589357224637411, "g-r": 2.2863018773197581, "r-i": 0.046502099742880887, "i-z": 0.0023458544535657211}