{"u-g": 0.24406246607671278, "g-r": -0.10736060046529872, "r-i": 0.057800454095158216, "i-z": 1.9230140739920785}