{"u-g": 2.1564600181786204, "g-r": 0.00047748174772266339, "r-i": -0.0058126903008144382, "i-z": 0.012715651161329333}