{"u-g": -0.002322962416414498, "g-r": 0.0063043348563098789, "r-i": -0.0055700229207218399, "i-z": 0.0027682371722193011}