{"u-g": -0.12509245557662041, "g-r": 0.081762339604580347, "r-i": 0.12919788433404733, "i-z": 1.6590101181013921}