{"u-g": 1.9377461864200853, "g-r": 0.37040063710570337, "r-i": 0.0096255024656812793, "i-z": 0.00028188514595228753}