{"u-g": -0.073327901714421273, "g-r": -0.082178262899304855, "r-i": 0.14130319720811713, "i-z": 1.5205414741556922}