{"u-g": 0.0039383249127382669, "g-r": 0.00049129483296894705, "r-i": 0.0045988555009586207, "i-z": -0.009664173558036282}