{"u-g": -0.001312485202845437, "g-r": 0.0018229432421179581, "r-i": -0.0083063079856202648, "i-z": 0.0034856654964272593}