{"u-g": 0.025817022361437125, "g-r": 0.0021262401004662479, "r-i": 0.004181733033931323, "i-z": -0.0041665710333518291}