{"u-g": 2.2646648811685139, "g-r": 0.035355714085511636, "r-i": 0.00047731192289290902, "i-z": 0.0010230557681722985}