{"u-g": 0.0062705805018907768, "g-r": 0.0010149966551153966, "r-i": -0.0064460046433794105, "i-z": 0.006294994277240562}