{"u-g": 0.13240043329749085, "g-r": -0.037826091739589174, "r-i": 2.146489881629094, "i-z": 0.25396383225439934}