{"u-g": 1.7666833593104911, "g-r": 0.62769317211058251, "r-i": 0.0014816456503154996, "i-z": -0.0071001993969730393}