{"u-g": 0.15508406184055445, "g-r": -0.00073016641273682126, "r-i": -0.0029933775015393849, "i-z": -0.010042545804324732}