{"u-g": -0.04991519000557787, "g-r": 0.10061841756058243, "r-i": -0.095745051132610115, "i-z": 2.265938560229344}