{"u-g": -0.070183006505132539, "g-r": 0.077258748208123507, "r-i": 2.0196709927680132, "i-z": 0.36966360007296828}