{"u-g": 0.91602629912746636, "g-r": 0.0061162956863114459, "r-i": -0.0070271340819090256, "i-z": -0.0016146717630789453}