{"u-g": 0.006622615095309925, "g-r": -0.0014814578224218167, "r-i": -0.0037611712716483225, "i-z": -0.0049248628283180551}