{"u-g": -0.054646110658325142, "g-r": -0.049870121386646815, "r-i": 0.033602507487074718, "i-z": 2.0654499808466085}