{"u-g": -0.022449300041103015, "g-r": 2.2627252179608774, "r-i": 0.13863127767653793, "i-z": 0.0016752537146942359}