{"u-g": 2.2024126369890382, "g-r": 0.18892782878563708, "r-i": 0.0019681552529391411, "i-z": 0.005472550517140462}