{"u-g": 0.0036175386590429071, "g-r": -0.0056177236126018215, "r-i": -0.0037177301752961966, "i-z": 0.0038742145081585022}