{"u-g": 0.022785556237053584, "g-r": 0.075137072444718456, "r-i": 1.3501425685423669, "i-z": 0.97535571835553014}