{"u-g": 0.013539128892972485, "g-r": -0.035480848464828796, "r-i": 0.1113301977310357, "i-z": 2.2170184596003253}