{"u-g": -0.0023570715442247092, "g-r": -0.0017368663401526874, "r-i": 0.0027081598724123523, "i-z": 0.0025231518533104236}