{"u-g": 0.00035018701933609009, "g-r": -0.0053181168513845023, "r-i": -0.0049452262878446618, "i-z": 0.0055370529604488183}