{"u-g": -0.00042169094875532664, "g-r": 0.0033983348308623818, "r-i": -0.0024894885376909315, "i-z": -0.00020480927486232758}