{"u-g": 1.3651860605778694, "g-r": 0.94776800181703891, "r-i": -0.0030724898674776568, "i-z": -0.0017379541460655901}