{"u-g": 0.93321533686565772, "g-r": 1.4072913432116394, "r-i": -0.0073233064700701789, "i-z": 0.00095174886799043179}