{"u-g": -0.049149074598602738, "g-r": 1.510605642593049, "r-i": 0.89543570368179815, "i-z": -0.0016307656139815663}