{"u-g": 1.8591877713915181, "g-r": 0.50856900936646809, "r-i": 0.0028610298838316339, "i-z": -0.0027378900910690618}