{"u-g": NaN, "g-r": Infinity, "r-i": 0.76263405633315529, "i-z": 0.76155606772005058}