{"u-g": Infinity, "g-r": 1.2594056152924793, "r-i": 1.0082733222196225, "i-z": 0.75569298480502312}