{"u-g": NaN, "g-r": Infinity, "r-i": 1.4917615424456301, "i-z": 0.5736404417661447}