{"u-g": Infinity, "g-r": 6.2898120038390459, "r-i": 0.75397935767185231, "i-z": 0.75294964016990207}