{"u-g": 2.261805926035251, "g-r": 1.2590874758683555, "r-i": 1.1684404420758483, "i-z": 0.80517650192447832}