{"u-g": NaN, "g-r": Infinity, "r-i": 0.8381195405901849, "i-z": 0.71922204945335011}