{"u-g": 1.4325254672476433, "g-r": 1.3007146713634512, "r-i": 1.2365723501766723, "i-z": 0.62683630008086766}