{"u-g": Infinity, "g-r": 1.6581349691319929, "r-i": 0.92207510374333879, "i-z": 0.7284271655733221}