{"u-g": Infinity, "g-r": 1.368920956175586, "r-i": 1.0102155426815216, "i-z": 0.70778827784201326}