{"u-g": 5.3827059152374801, "g-r": 1.2021098140638742, "r-i": 1.1114735851045339, "i-z": 0.88052343351955642}