{"u-g": Infinity, "g-r": 2.167904383899355, "r-i": 0.80142160054731448, "i-z": 0.76457105058725006}