{"u-g": Infinity, "g-r": 1.152736767888328, "r-i": 1.0138393955420213, "i-z": 0.97938654583562368}