{"u-g": NaN, "g-r": Infinity, "r-i": 3.2870938729814725, "i-z": 0.43808853987812313}