{"u-g": NaN, "g-r": Infinity, "r-i": 2.0656701622699245, "i-z": 0.48482306796165631}