{"u-g": NaN, "g-r": Infinity, "r-i": 1.1859340825088793, "i-z": 0.58273722020120999}