{"u-g": Infinity, "g-r": 3.2045728239585998, "r-i": 0.78010301131703841, "i-z": 0.75961509538683458}