{"u-g": Infinity, "g-r": 1.20587250620666, "r-i": 1.0088688292335348, "i-z": 0.8674036932638387}