{"u-g": NaN, "g-r": Infinity, "r-i": 6.6399229787369336, "i-z": 0.45109795073457803}