{"u-g": Infinity, "g-r": 1.1918274753225688, "r-i": 1.0111572265164455, "i-z": 0.92532102409202821}