{"u-g": NaN, "g-r": Infinity, "r-i": 0.99153776931399307, "i-z": 0.60684619779468107}